Temparature;ON/OFF;TIME;DateTime
20,5;1;10:19:17:945;2023-02-10 10:19:17:945
20,5;1;10:20:17:950;2023-02-10 10:20:17:950
20,5;1;10:21:17:955;2023-02-10 10:21:17:955
20,5;1;10:22:17:950;2023-02-10 10:22:17:950
20,5;1;10:23:17:950;2023-02-10 10:23:17:950
20,5;1;10:24:17:948;2023-02-10 10:24:17:948
20,5;1;10:25:17:949;2023-02-10 10:25:17:949
20,6;0;10:26:17:944;2023-02-10 10:26:17:944
20,6;0;10:27:17:951;2023-02-10 10:27:17:951
20,6;0;10:28:17:926;2023-02-10 10:28:17:926
20,7;0;10:29:17:928;2023-02-10 10:29:17:928
20,7;0;10:30:17:926;2023-02-10 10:30:17:926
20,7;0;10:31:17:926;2023-02-10 10:31:17:926
20,8;0;10:32:17:933;2023-02-10 10:32:17:933
20,8;0;10:33:17:925;2023-02-10 10:33:17:925
20,8;0;10:34:17:926;2023-02-10 10:34:17:926
20,9;0;10:35:17:919;2023-02-10 10:35:17:919
20,9;0;10:36:17:920;2023-02-10 10:36:17:920
20,9;0;10:36:31:904;2023-02-10 10:36:31:904
21,0;0;10:37:17:919;2023-02-10 10:37:17:919
21,0;0;10:38:17:919;2023-02-10 10:38:17:919
21,0;0;10:39:17:935;2023-02-10 10:39:17:935
21,0;0;10:40:17:902;2023-02-10 10:40:17:902
21,0;0;10:41:17:903;2023-02-10 10:41:17:903
21,0;0;10:42:17:906;2023-02-10 10:42:17:906
21,0;0;10:43:17:903;2023-02-10 10:43:17:903
21,1;0;10:44:17:906;2023-02-10 10:44:17:906
21,0;0;10:45:17:902;2023-02-10 10:45:17:902
21,0;0;10:46:17:901;2023-02-10 10:46:17:901
21,0;0;10:47:17:902;2023-02-10 10:47:17:902
21,0;0;10:48:17:899;2023-02-10 10:48:17:899
21,0;0;10:49:17:897;2023-02-10 10:49:17:897
21,0;0;10:50:17:877;2023-02-10 10:50:17:877
20,9;0;10:51:17:879;2023-02-10 10:51:17:879
20,9;0;10:52:17:877;2023-02-10 10:52:17:877
20,9;0;10:53:17:871;2023-02-10 10:53:17:871
20,9;0;10:54:17:872;2023-02-10 10:54:17:872
20,8;0;10:55:17:878;2023-02-10 10:55:17:878
20,8;0;10:56:17:876;2023-02-10 10:56:17:876
20,8;0;10:57:17:875;2023-02-10 10:57:17:875
20,8;0;10:58:17:871;2023-02-10 10:58:17:871
20,7;0;10:59:17:876;2023-02-10 10:59:17:876
20,7;0;11:00:17:850;2023-02-10 11:00:17:850
20,7;0;11:01:17:858;2023-02-10 11:01:17:858
20,7;0;11:02:17:852;2023-02-10 11:02:17:852
20,6;0;11:03:17:855;2023-02-10 11:03:17:855
20,6;0;11:04:17:853;2023-02-10 11:04:17:853
20,6;0;11:05:17:846;2023-02-10 11:05:17:846
20,6;0;11:06:17:850;2023-02-10 11:06:17:850
20,6;0;11:07:17:849;2023-02-10 11:07:17:849
20,5;1;11:08:17:845;2023-02-10 11:08:17:845
20,5;1;11:09:17:844;2023-02-10 11:09:17:844
20,5;1;11:10:17:857;2023-02-10 11:10:17:857
20,4;1;11:11:17:854;2023-02-10 11:11:17:854
20,4;1;11:12:17:844;2023-02-10 11:12:17:844
20,4;1;11:13:17:825;2023-02-10 11:13:17:825
20,4;1;11:14:17:828;2023-02-10 11:14:17:828
20,4;1;11:15:17:822;2023-02-10 11:15:17:822
20,4;1;11:16:17:824;2023-02-10 11:16:17:824
20,5;1;11:17:17:827;2023-02-10 11:17:17:827
20,5;1;11:18:17:814;2023-02-10 11:18:17:814
20,5;1;11:19:17:816;2023-02-10 11:19:17:816
20,5;1;11:20:17:824;2023-02-10 11:20:17:824
20,6;0;11:21:17:824;2023-02-10 11:21:17:824
20,6;0;11:22:17:799;2023-02-10 11:22:17:799
20,7;0;11:23:17:802;2023-02-10 11:23:17:802
20,7;0;11:24:17:803;2023-02-10 11:24:17:803
20,8;0;11:25:17:806;2023-02-10 11:25:17:806
20,8;0;11:26:17:803;2023-02-10 11:26:17:803
20,9;0;11:27:17:804;2023-02-10 11:27:17:804
20,9;0;11:28:17:804;2023-02-10 11:28:17:804
21,0;0;11:29:17:797;2023-02-10 11:29:17:797
21,0;0;11:30:17:803;2023-02-10 11:30:17:803
21,0;0;11:31:17:784;2023-02-10 11:31:17:784
21,0;0;11:32:17:787;2023-02-10 11:32:17:787
21,0;0;11:33:17:784;2023-02-10 11:33:17:784
21,0;0;11:34:17:777;2023-02-10 11:34:17:777
21,0;0;11:35:17:781;2023-02-10 11:35:17:781
21,0;0;11:36:17:783;2023-02-10 11:36:17:783
21,0;0;11:37:17:764;2023-02-10 11:37:17:764
20,9;0;11:38:17:758;2023-02-10 11:38:17:758
20,9;0;11:39:17:757;2023-02-10 11:39:17:757
20,9;0;11:40:17:759;2023-02-10 11:40:17:759
20,9;0;11:41:17:770;2023-02-10 11:41:17:770
20,8;0;11:42:17:762;2023-02-10 11:42:17:762
20,8;0;11:43:17:756;2023-02-10 11:43:17:756
20,8;0;11:44:17:768;2023-02-10 11:44:17:768
20,7;0;11:45:17:757;2023-02-10 11:45:17:757
20,7;0;11:46:17:737;2023-02-10 11:46:17:737
20,7;0;11:47:17:736;2023-02-10 11:47:17:736
20,6;0;11:48:17:734;2023-02-10 11:48:17:734
20,6;0;11:49:17:738;2023-02-10 11:49:17:738
20,6;0;11:50:17:740;2023-02-10 11:50:17:740
20,5;1;11:51:17:736;2023-02-10 11:51:17:736
20,5;1;11:52:17:734;2023-02-10 11:52:17:734
20,5;1;11:53:17:730;2023-02-10 11:53:17:730
20,4;1;11:54:17:734;2023-02-10 11:54:17:734
20,4;1;11:55:17:731;2023-02-10 11:55:17:731
20,4;1;11:56:17:734;2023-02-10 11:56:17:734
20,4;1;11:57:17:731;2023-02-10 11:57:17:731
20,4;1;11:58:17:734;2023-02-10 11:58:17:734
20,4;1;11:59:17:732;2023-02-10 11:59:17:732
20,4;1;12:00:17:733;2023-02-10 12:00:17:733
20,4;1;12:01:17:733;2023-02-10 12:01:17:733
20,5;1;12:02:17:726;2023-02-10 12:02:17:726
20,5;1;12:03:17:725;2023-02-10 12:03:17:725
20,5;1;12:04:17:733;2023-02-10 12:04:17:733
20,6;0;12:05:17:731;2023-02-10 12:05:17:731
20,6;0;12:06:17:733;2023-02-10 12:06:17:733
20,7;0;12:07:17:731;2023-02-10 12:07:17:731
20,7;0;12:08:17:730;2023-02-10 12:08:17:730
20,8;0;12:09:17:732;2023-02-10 12:09:17:732
20,9;0;12:10:17:729;2023-02-10 12:10:17:729
20,9;0;12:11:17:730;2023-02-10 12:11:17:730
21,0;0;12:12:17:740;2023-02-10 12:12:17:740
21,0;0;12:13:17:730;2023-02-10 12:13:17:730
21,0;0;12:14:17:729;2023-02-10 12:14:17:729
21,0;0;12:15:17:725;2023-02-10 12:15:17:725
21,1;0;12:16:17:730;2023-02-10 12:16:17:730
21,1;0;12:17:17:729;2023-02-10 12:17:17:729
21,2;0;12:18:17:820;2023-02-10 12:18:17:820
21,2;0;12:19:17:781;2023-02-10 12:19:17:781
21,2;0;12:20:17:699;2023-02-10 12:20:17:699
21,2;0;12:21:17:730;2023-02-10 12:21:17:730
21,2;0;12:22:17:726;2023-02-10 12:22:17:726
21,2;0;12:23:17:727;2023-02-10 12:23:17:727
21,2;0;12:24:17:693;2023-02-10 12:24:17:693
21,2;0;12:25:17:704;2023-02-10 12:25:17:704
21,2;0;12:26:17:705;2023-02-10 12:26:17:705
21,2;0;12:27:17:692;2023-02-10 12:27:17:692
21,1;0;12:28:17:675;2023-02-10 12:28:17:675
21,1;0;12:29:17:680;2023-02-10 12:29:17:680
21,1;0;12:30:17:682;2023-02-10 12:30:17:682
21,1;0;12:31:17:678;2023-02-10 12:31:17:678
21,1;0;12:32:17:687;2023-02-10 12:32:17:687
21,0;0;12:33:17:680;2023-02-10 12:33:17:680
21,0;0;12:34:17:683;2023-02-10 12:34:17:683
21,0;0;12:35:17:686;2023-02-10 12:35:17:686
21,0;0;12:36:17:479;2023-02-10 12:36:17:479
21,0;0;12:37:17:655;2023-02-10 12:37:17:655
20,9;0;12:38:17:661;2023-02-10 12:38:17:661
20,9;0;12:39:17:679;2023-02-10 12:39:17:679
20,9;0;12:40:17:652;2023-02-10 12:40:17:652
20,8;0;12:41:17:652;2023-02-10 12:41:17:652
20,8;0;12:42:17:655;2023-02-10 12:42:17:655
20,8;0;12:43:17:661;2023-02-10 12:43:17:661
20,8;0;12:44:17:651;2023-02-10 12:44:17:651
20,7;0;12:45:17:653;2023-02-10 12:45:17:653
20,7;0;12:46:17:653;2023-02-10 12:46:17:653
20,7;0;12:47:17:649;2023-02-10 12:47:17:649
20,6;0;12:48:17:648;2023-02-10 12:48:17:648
20,6;0;12:49:17:653;2023-02-10 12:49:17:653
20,6;0;12:50:17:650;2023-02-10 12:50:17:650
20,6;0;12:51:17:652;2023-02-10 12:51:17:652
20,6;0;12:52:17:635;2023-02-10 12:52:17:635
20,5;1;12:53:17:632;2023-02-10 12:53:17:632
20,6;0;12:54:17:640;2023-02-10 12:54:17:640
20,5;1;12:55:17:636;2023-02-10 12:55:17:636
20,5;1;12:56:17:630;2023-02-10 12:56:17:630
20,5;1;12:57:17:629;2023-02-10 12:57:17:629
20,5;1;12:58:17:634;2023-02-10 12:58:17:634
20,5;1;12:59:17:630;2023-02-10 12:59:17:630
20,5;1;13:00:17:626;2023-02-10 13:00:17:626
20,5;1;13:01:17:630;2023-02-10 13:01:17:630
20,5;1;13:02:17:738;2023-02-10 13:02:17:738
20,6;0;13:03:17:628;2023-02-10 13:03:17:628
20,7;0;13:04:17:633;2023-02-10 13:04:17:633
20,7;0;13:05:17:629;2023-02-10 13:05:17:629
20,7;0;13:06:17:612;2023-02-10 13:06:17:612
20,8;0;13:07:17:612;2023-02-10 13:07:17:612
20,9;0;13:08:17:611;2023-02-10 13:08:17:611
20,9;0;13:09:17:609;2023-02-10 13:09:17:609
21,0;0;13:10:17:612;2023-02-10 13:10:17:612
21,0;0;13:11:17:603;2023-02-10 13:11:17:603
21,0;0;13:12:17:668;2023-02-10 13:12:17:668
21,0;0;13:13:17:606;2023-02-10 13:13:17:606
21,0;0;13:14:17:616;2023-02-10 13:14:17:616
21,1;0;13:15:17:604;2023-02-10 13:15:17:604
21,1;0;13:16:17:610;2023-02-10 13:16:17:610
21,1;0;13:17:17:604;2023-02-10 13:17:17:604
21,1;0;13:18:17:610;2023-02-10 13:18:17:610
21,1;0;13:19:17:613;2023-02-10 13:19:17:613
21,1;0;13:20:17:588;2023-02-10 13:20:17:588
21,1;0;13:21:17:587;2023-02-10 13:21:17:587
21,1;0;13:22:17:583;2023-02-10 13:22:17:583
21,0;0;13:23:17:589;2023-02-10 13:23:17:589
21,0;0;13:24:17:585;2023-02-10 13:24:17:585
21,0;0;13:25:17:579;2023-02-10 13:25:17:579
21,0;0;13:26:17:585;2023-02-10 13:26:17:585
21,0;0;13:27:17:579;2023-02-10 13:27:17:579
21,0;0;13:28:17:578;2023-02-10 13:28:17:578
20,9;0;13:29:17:581;2023-02-10 13:29:17:581
20,9;0;13:30:17:580;2023-02-10 13:30:17:580
20,9;0;13:31:17:584;2023-02-10 13:31:17:584
20,8;0;13:32:17:585;2023-02-10 13:32:17:585
20,8;0;13:33:17:563;2023-02-10 13:33:17:563
20,8;0;13:34:17:563;2023-02-10 13:34:17:563
20,8;0;13:35:17:557;2023-02-10 13:35:17:557
20,8;0;13:36:17:561;2023-02-10 13:36:17:561
20,8;0;13:37:17:560;2023-02-10 13:37:17:560
20,8;0;13:38:17:649;2023-02-10 13:38:17:649
20,7;0;13:39:17:566;2023-02-10 13:39:17:566
20,7;0;13:40:17:607;2023-02-10 13:40:17:607
20,7;0;13:41:17:562;2023-02-10 13:41:17:562
20,7;0;13:42:17:557;2023-02-10 13:42:17:557
20,6;0;13:43:17:566;2023-02-10 13:43:17:566
20,6;0;13:44:17:559;2023-02-10 13:44:17:559
20,6;0;13:45:17:572;2023-02-10 13:45:17:572
20,6;0;13:46:17:573;2023-02-10 13:46:17:573
20,6;0;13:47:17:540;2023-02-10 13:47:17:540
20,5;1;13:48:17:542;2023-02-10 13:48:17:542
20,5;1;13:49:17:534;2023-02-10 13:49:17:534
20,5;1;13:50:17:540;2023-02-10 13:50:17:540
20,5;1;13:51:17:541;2023-02-10 13:51:17:541
20,4;1;13:52:17:542;2023-02-10 13:52:17:542
20,4;1;13:53:17:540;2023-02-10 13:53:17:540
20,4;1;13:54:17:543;2023-02-10 13:54:17:543
20,4;1;13:55:17:534;2023-02-10 13:55:17:534
20,5;1;13:56:17:541;2023-02-10 13:56:17:541
20,5;1;13:57:17:540;2023-02-10 13:57:17:540
20,6;0;13:58:17:542;2023-02-10 13:58:17:542
20,6;0;13:59:17:541;2023-02-10 13:59:17:541
20,6;0;14:00:17:543;2023-02-10 14:00:17:543
20,7;0;14:01:17:541;2023-02-10 14:01:17:541
20,8;0;14:02:17:536;2023-02-10 14:02:17:536
20,8;0;14:03:17:541;2023-02-10 14:03:17:541
20,9;0;14:04:17:537;2023-02-10 14:04:17:537
20,9;0;14:05:17:529;2023-02-10 14:05:17:529
21,0;0;14:06:17:545;2023-02-10 14:06:17:545
21,0;0;14:07:17:537;2023-02-10 14:07:17:537
21,0;0;14:08:17:539;2023-02-10 14:08:17:539
21,1;0;14:09:17:533;2023-02-10 14:09:17:533
21,1;0;14:10:17:514;2023-02-10 14:10:17:514
21,1;0;14:11:17:512;2023-02-10 14:11:17:512
21,1;0;14:12:17:518;2023-02-10 14:12:17:518
21,1;0;14:13:17:516;2023-02-10 14:13:17:516
21,1;0;14:14:17:511;2023-02-10 14:14:17:511
21,1;0;14:15:17:514;2023-02-10 14:15:17:514
21,1;0;14:16:17:525;2023-02-10 14:16:17:525
21,0;0;14:17:17:516;2023-02-10 14:17:17:516
21,0;0;14:18:17:512;2023-02-10 14:18:17:512
21,0;0;14:19:17:511;2023-02-10 14:19:17:511
21,0;0;14:20:17:512;2023-02-10 14:20:17:512
20,9;0;14:21:17:517;2023-02-10 14:21:17:517
20,9;0;14:22:17:508;2023-02-10 14:22:17:508
20,9;0;14:23:17:506;2023-02-10 14:23:17:506
20,9;0;14:24:17:510;2023-02-10 14:24:17:510
20,8;0;14:25:17:512;2023-02-10 14:25:17:512
20,8;0;14:26:17:513;2023-02-10 14:26:17:513
20,7;0;14:27:17:513;2023-02-10 14:27:17:513
20,7;0;14:28:17:506;2023-02-10 14:28:17:506
20,6;0;14:29:17:513;2023-02-10 14:29:17:513
20,6;0;14:30:17:512;2023-02-10 14:30:17:512
20,6;0;14:31:17:511;2023-02-10 14:31:17:511
20,5;1;14:32:17:514;2023-02-10 14:32:17:514
20,5;1;14:33:17:510;2023-02-10 14:33:17:510
20,5;1;14:34:17:510;2023-02-10 14:34:17:510
20,4;1;14:35:17:510;2023-02-10 14:35:17:510
20,4;1;14:36:17:505;2023-02-10 14:36:17:505
20,4;1;14:37:17:511;2023-02-10 14:37:17:511
20,4;1;14:38:17:504;2023-02-10 14:38:17:504
20,4;1;14:39:17:512;2023-02-10 14:39:17:512
20,4;1;14:40:17:504;2023-02-10 14:40:17:504
20,4;1;14:41:17:511;2023-02-10 14:41:17:511
20,4;1;14:42:17:507;2023-02-10 14:42:17:507
20,5;1;14:43:17:507;2023-02-10 14:43:17:507
20,5;1;14:44:17:505;2023-02-10 14:44:17:505
20,5;1;14:45:17:509;2023-02-10 14:45:17:509
20,6;0;14:46:17:512;2023-02-10 14:46:17:512
20,6;0;14:47:17:514;2023-02-10 14:47:17:514
20,7;0;14:48:17:491;2023-02-10 14:48:17:491
20,7;0;14:49:17:506;2023-02-10 14:49:17:506
20,7;0;14:50:17:502;2023-02-10 14:50:17:502
20,8;0;14:51:17:509;2023-02-10 14:51:17:509
20,8;0;14:52:17:507;2023-02-10 14:52:17:507
20,8;0;14:53:17:488;2023-02-10 14:53:17:488
20,9;0;14:54:17:489;2023-02-10 14:54:17:489
20,9;0;14:55:17:479;2023-02-10 14:55:17:479
20,9;0;14:56:17:487;2023-02-10 14:56:17:487
20,9;0;14:57:17:487;2023-02-10 14:57:17:487
21,0;0;14:58:17:486;2023-02-10 14:58:17:486
21,0;0;14:59:17:484;2023-02-10 14:59:17:484
21,0;0;15:00:17:484;2023-02-10 15:00:17:484
21,0;0;15:01:17:486;2023-02-10 15:01:17:486
21,0;0;15:02:17:493;2023-02-10 15:02:17:493
21,0;0;15:03:17:484;2023-02-10 15:03:17:484
21,0;0;15:04:17:483;2023-02-10 15:04:17:483
21,0;0;15:05:17:481;2023-02-10 15:05:17:481
21,0;0;15:06:17:480;2023-02-10 15:06:17:480
21,0;0;15:07:17:479;2023-02-10 15:07:17:479
20,9;0;15:08:17:480;2023-02-10 15:08:17:480
20,9;0;15:09:17:489;2023-02-10 15:09:17:489
20,9;0;15:10:17:482;2023-02-10 15:10:17:482
20,9;0;15:11:17:481;2023-02-10 15:11:17:481
20,8;0;15:12:17:477;2023-02-10 15:12:17:477
20,8;0;15:13:17:481;2023-02-10 15:13:17:481
20,8;0;15:14:17:479;2023-02-10 15:14:17:479
20,7;0;15:15:17:481;2023-02-10 15:15:17:481
20,7;0;15:16:17:479;2023-02-10 15:16:17:479
20,7;0;15:17:17:483;2023-02-10 15:17:17:483
20,6;0;15:18:17:482;2023-02-10 15:18:17:482
20,6;0;15:19:17:477;2023-02-10 15:19:17:477
20,5;1;15:20:17:481;2023-02-10 15:20:17:481
20,5;1;15:21:17:477;2023-02-10 15:21:17:477
20,5;1;15:22:17:478;2023-02-10 15:22:17:478
20,4;1;15:23:17:479;2023-02-10 15:23:17:479
20,4;1;15:24:17:478;2023-02-10 15:24:17:478
20,4;1;15:25:17:478;2023-02-10 15:25:17:478
20,4;1;15:26:17:474;2023-02-10 15:26:17:474
20,4;1;15:27:17:476;2023-02-10 15:27:17:476
20,4;1;15:28:17:470;2023-02-10 15:28:17:470
20,5;1;15:29:17:480;2023-02-10 15:29:17:480
20,5;1;15:30:17:475;2023-02-10 15:30:17:475
20,5;1;15:31:17:478;2023-02-10 15:31:17:478
20,5;1;15:32:17:475;2023-02-10 15:32:17:475
20,6;0;15:33:17:475;2023-02-10 15:33:17:475
20,6;0;15:34:17:474;2023-02-10 15:34:17:474
20,7;0;15:35:17:475;2023-02-10 15:35:17:475
20,7;0;15:36:17:468;2023-02-10 15:36:17:468
20,8;0;15:37:17:471;2023-02-10 15:37:17:471
20,8;0;15:38:17:473;2023-02-10 15:38:17:473
20,8;0;15:39:17:472;2023-02-10 15:39:17:472
20,9;0;15:40:17:451;2023-02-10 15:40:17:451
20,9;0;15:41:17:451;2023-02-10 15:41:17:451
20,9;0;15:42:17:448;2023-02-10 15:42:17:448
21,0;0;15:43:17:445;2023-02-10 15:43:17:445
21,0;0;15:44:17:444;2023-02-10 15:44:17:444
21,1;0;15:45:17:448;2023-02-10 15:45:17:448
21,1;0;15:46:17:451;2023-02-10 15:46:17:451
21,1;0;15:47:17:450;2023-02-10 15:47:17:450
21,1;0;15:48:17:447;2023-02-10 15:48:17:447
21,1;0;15:49:17:453;2023-02-10 15:49:17:453
21,1;0;15:50:17:449;2023-02-10 15:50:17:449
21,2;0;15:51:17:445;2023-02-10 15:51:17:445
21,1;0;15:52:17:443;2023-02-10 15:52:17:443
21,2;0;15:53:17:424;2023-02-10 15:53:17:424
21,1;0;15:54:17:425;2023-02-10 15:54:17:425
21,1;0;15:55:17:419;2023-02-10 15:55:17:419
21,1;0;15:56:17:419;2023-02-10 15:56:17:419
21,1;0;15:57:17:421;2023-02-10 15:57:17:421
21,1;0;15:58:17:417;2023-02-10 15:58:17:417
21,0;0;15:59:17:421;2023-02-10 15:59:17:421
21,0;0;16:00:17:420;2023-02-10 16:00:17:420
21,0;0;16:01:17:416;2023-02-10 16:01:17:416
21,0;0;16:02:17:421;2023-02-10 16:02:17:421
20,9;0;16:03:17:421;2023-02-10 16:03:17:421
20,9;0;16:04:17:421;2023-02-10 16:04:17:421
20,9;0;16:05:17:421;2023-02-10 16:05:17:421
20,9;0;16:06:17:417;2023-02-10 16:06:17:417
20,8;0;16:07:17:406;2023-02-10 16:07:17:406
20,8;0;16:08:17:418;2023-02-10 16:08:17:418
20,8;0;16:09:17:421;2023-02-10 16:09:17:421
20,8;0;16:10:17:415;2023-02-10 16:10:17:415
20,7;0;16:11:17:418;2023-02-10 16:11:17:418
20,7;0;16:12:17:433;2023-02-10 16:12:17:433
20,7;0;16:13:17:419;2023-02-10 16:13:17:419
20,7;0;16:14:17:418;2023-02-10 16:14:17:418
20,6;0;16:15:17:420;2023-02-10 16:15:17:420
20,6;0;16:16:17:394;2023-02-10 16:16:17:394
20,6;0;16:17:17:398;2023-02-10 16:17:17:398
20,6;0;16:18:17:394;2023-02-10 16:18:17:394
20,6;0;16:19:17:401;2023-02-10 16:19:17:401
20,5;1;16:20:17:409;2023-02-10 16:20:17:409
20,5;1;16:21:17:397;2023-02-10 16:21:17:397
20,5;1;16:22:17:392;2023-02-10 16:22:17:392
20,5;1;16:23:17:390;2023-02-10 16:23:17:390
20,5;1;16:24:17:396;2023-02-10 16:24:17:396
20,5;1;16:25:17:396;2023-02-10 16:25:17:396
20,5;1;16:26:17:387;2023-02-10 16:26:17:387
20,5;1;16:27:17:396;2023-02-10 16:27:17:396
20,5;1;16:28:17:388;2023-02-10 16:28:17:388
20,5;1;16:29:17:394;2023-02-10 16:29:17:394
20,5;1;16:30:17:391;2023-02-10 16:30:17:391
20,5;1;16:31:17:392;2023-02-10 16:31:17:392
20,6;0;16:32:17:388;2023-02-10 16:32:17:388
20,6;0;16:33:17:386;2023-02-10 16:33:17:386
20,6;0;16:34:17:394;2023-02-10 16:34:17:394
20,7;0;16:35:17:389;2023-02-10 16:35:17:389
20,7;0;16:36:17:389;2023-02-10 16:36:17:389
20,8;0;16:37:17:386;2023-02-10 16:37:17:386
20,8;0;16:38:17:392;2023-02-10 16:38:17:392
20,8;0;16:39:17:384;2023-02-10 16:39:17:384
20,9;0;16:40:17:390;2023-02-10 16:40:17:390
21,0;0;16:41:17:390;2023-02-10 16:41:17:390
21,0;0;16:42:17:387;2023-02-10 16:42:17:387
21,1;0;16:43:17:383;2023-02-10 16:43:17:383
21,1;0;16:44:17:384;2023-02-10 16:44:17:384
21,1;0;16:45:17:384;2023-02-10 16:45:17:384
21,2;0;16:46:17:376;2023-02-10 16:46:17:376
21,2;0;16:47:17:366;2023-02-10 16:47:17:366
21,2;0;16:48:17:365;2023-02-10 16:48:17:365
21,2;0;16:49:17:361;2023-02-10 16:49:17:361
21,3;0;16:50:17:362;2023-02-10 16:50:17:362
21,3;0;16:51:17:374;2023-02-10 16:51:17:374
21,3;0;16:52:17:370;2023-02-10 16:52:17:370
21,3;0;16:53:17:362;2023-02-10 16:53:17:362
21,3;0;16:54:17:365;2023-02-10 16:54:17:365
21,3;0;16:55:17:361;2023-02-10 16:55:17:361
21,3;0;16:56:17:364;2023-02-10 16:56:17:364
21,3;0;16:57:17:363;2023-02-10 16:57:17:363
21,2;0;16:58:17:362;2023-02-10 16:58:17:362
21,2;0;16:59:17:361;2023-02-10 16:59:17:361
21,2;0;17:00:17:359;2023-02-10 17:00:17:359
21,2;0;17:01:17:362;2023-02-10 17:01:17:362
21,1;0;17:02:17:363;2023-02-10 17:02:17:363
21,1;0;17:03:17:359;2023-02-10 17:03:17:359
21,1;0;17:04:17:356;2023-02-10 17:04:17:356
21,1;0;17:05:17:360;2023-02-10 17:05:17:360
21,1;0;17:06:17:358;2023-02-10 17:06:17:358
21,0;0;17:07:17:360;2023-02-10 17:07:17:360
21,0;0;17:08:17:354;2023-02-10 17:08:17:354
21,0;0;17:09:17:337;2023-02-10 17:09:17:337
21,0;0;17:10:17:337;2023-02-10 17:10:17:337
21,0;0;17:11:17:336;2023-02-10 17:11:17:336
20,9;0;17:12:17:339;2023-02-10 17:12:17:339
20,9;0;17:13:17:346;2023-02-10 17:13:17:346
20,9;0;17:14:17:338;2023-02-10 17:14:17:338
20,9;0;17:15:17:329;2023-02-10 17:15:17:329
20,9;0;17:16:17:313;2023-02-10 17:16:17:313
20,8;0;17:17:17:313;2023-02-10 17:17:17:313
20,8;0;17:18:17:312;2023-02-10 17:18:17:312
20,8;0;17:19:17:311;2023-02-10 17:19:17:311
20,7;0;17:20:17:316;2023-02-10 17:20:17:316
20,7;0;17:21:17:314;2023-02-10 17:21:17:314
20,7;0;17:22:17:322;2023-02-10 17:22:17:322
20,7;0;17:23:17:328;2023-02-10 17:23:17:328
20,7;0;17:24:17:313;2023-02-10 17:24:17:313
20,7;0;17:25:17:310;2023-02-10 17:25:17:310
20,6;0;17:26:17:311;2023-02-10 17:26:17:311
20,6;0;17:27:17:313;2023-02-10 17:27:17:313
20,6;0;17:28:17:313;2023-02-10 17:28:17:313
20,6;0;17:29:17:290;2023-02-10 17:29:17:290
20,5;1;17:30:17:293;2023-02-10 17:30:17:293
20,5;1;17:31:17:292;2023-02-10 17:31:17:292
20,5;1;17:32:17:295;2023-02-10 17:32:17:295
20,5;1;17:33:17:293;2023-02-10 17:33:17:293
20,4;1;17:34:17:294;2023-02-10 17:34:17:294
20,5;1;17:35:17:298;2023-02-10 17:35:17:298
20,5;1;17:36:17:292;2023-02-10 17:36:17:292
20,5;1;17:37:17:298;2023-02-10 17:37:17:298
20,4;1;17:38:17:361;2023-02-10 17:38:17:361
20,5;1;17:39:17:295;2023-02-10 17:39:17:295
20,5;1;17:40:17:288;2023-02-10 17:40:17:288
20,5;1;17:41:17:293;2023-02-10 17:41:17:293
20,5;1;17:42:17:273;2023-02-10 17:42:17:273
20,6;0;17:43:17:292;2023-02-10 17:43:17:292
20,6;0;17:44:17:289;2023-02-10 17:44:17:289
20,6;0;17:45:17:291;2023-02-10 17:45:17:291
20,7;0;17:46:17:290;2023-02-10 17:46:17:290
20,7;0;17:47:17:273;2023-02-10 17:47:17:273
20,8;0;17:48:17:263;2023-02-10 17:48:17:263
20,8;0;17:49:17:266;2023-02-10 17:49:17:266
20,8;0;17:50:17:271;2023-02-10 17:50:17:271
20,9;0;17:51:17:268;2023-02-10 17:51:17:268
20,9;0;17:52:17:272;2023-02-10 17:52:17:272
20,9;0;17:53:17:278;2023-02-10 17:53:17:278
20,9;0;17:54:17:263;2023-02-10 17:54:17:263
21,0;0;17:55:17:262;2023-02-10 17:55:17:262
21,0;0;17:56:17:265;2023-02-10 17:56:17:265
21,0;0;17:57:17:264;2023-02-10 17:57:17:264
21,0;0;17:58:17:263;2023-02-10 17:58:17:263
21,0;0;17:59:17:263;2023-02-10 17:59:17:263
21,0;0;18:00:17:266;2023-02-10 18:00:17:266
21,0;0;18:01:17:269;2023-02-10 18:01:17:269
21,0;0;18:02:17:265;2023-02-10 18:02:17:265
21,0;0;18:03:17:264;2023-02-10 18:03:17:264
21,0;0;18:04:17:259;2023-02-10 18:04:17:259
21,0;0;18:05:17:265;2023-02-10 18:05:17:265
20,9;0;18:06:17:259;2023-02-10 18:06:17:259
20,9;0;18:07:17:263;2023-02-10 18:07:17:263
20,9;0;18:08:17:266;2023-02-10 18:08:17:266
20,9;0;18:09:17:266;2023-02-10 18:09:17:266
20,9;0;18:10:17:287;2023-02-10 18:10:17:287
20,8;0;18:11:17:262;2023-02-10 18:11:17:262
20,8;0;18:12:17:264;2023-02-10 18:12:17:264
20,8;0;18:13:17:252;2023-02-10 18:13:17:252
20,8;0;18:14:17:266;2023-02-10 18:14:17:266
20,8;0;18:15:17:267;2023-02-10 18:15:17:267
20,8;0;18:16:17:266;2023-02-10 18:16:17:266
20,8;0;18:17:17:243;2023-02-10 18:17:17:243
20,8;0;18:18:17:243;2023-02-10 18:18:17:243
20,8;0;18:19:17:243;2023-02-10 18:19:17:243
20,8;0;18:20:17:245;2023-02-10 18:20:17:245
20,8;0;18:21:17:244;2023-02-10 18:21:17:244
20,8;0;18:22:17:250;2023-02-10 18:22:17:250
20,8;0;18:23:17:243;2023-02-10 18:23:17:243
20,7;0;18:24:17:251;2023-02-10 18:24:17:251
20,7;0;18:25:17:244;2023-02-10 18:25:17:244
20,7;0;18:26:17:244;2023-02-10 18:26:17:244
20,7;0;18:27:17:238;2023-02-10 18:27:17:238
20,7;0;18:28:17:236;2023-02-10 18:28:17:236
20,7;0;18:29:17:236;2023-02-10 18:29:17:236
20,7;0;18:30:17:239;2023-02-10 18:30:17:239
20,7;0;18:31:17:238;2023-02-10 18:31:17:238
20,7;0;18:32:17:237;2023-02-10 18:32:17:237
20,7;0;18:33:17:239;2023-02-10 18:33:17:239
20,7;0;18:34:17:231;2023-02-10 18:34:17:231
20,7;0;18:35:17:240;2023-02-10 18:35:17:240
20,6;0;18:36:17:233;2023-02-10 18:36:17:233
20,6;0;18:37:17:234;2023-02-10 18:37:17:234
20,6;0;18:38:17:237;2023-02-10 18:38:17:237
20,6;0;18:39:17:236;2023-02-10 18:39:17:236
20,5;1;18:40:17:237;2023-02-10 18:40:17:237
20,5;1;18:41:17:233;2023-02-10 18:41:17:233
20,5;1;18:42:17:235;2023-02-10 18:42:17:235
20,5;1;18:43:17:234;2023-02-10 18:43:17:234
20,5;1;18:44:17:237;2023-02-10 18:44:17:237
20,5;1;18:45:17:231;2023-02-10 18:45:17:231
20,4;1;18:46:17:239;2023-02-10 18:46:17:239
20,4;1;18:47:17:215;2023-02-10 18:47:17:215
20,4;1;18:48:17:214;2023-02-10 18:48:17:214
20,5;1;18:49:17:213;2023-02-10 18:49:17:213
20,5;1;18:50:17:210;2023-02-10 18:50:17:210
20,5;1;18:51:17:208;2023-02-10 18:51:17:208
20,5;1;18:52:17:214;2023-02-10 18:52:17:214
20,6;0;18:53:17:214;2023-02-10 18:53:17:214
20,6;0;18:54:17:216;2023-02-10 18:54:17:216
20,6;0;18:55:17:221;2023-02-10 18:55:17:221
20,7;0;18:56:17:214;2023-02-10 18:56:17:214
20,7;0;18:57:17:211;2023-02-10 18:57:17:211
20,8;0;18:58:17:213;2023-02-10 18:58:17:213
20,8;0;18:59:17:217;2023-02-10 18:59:17:217
20,9;0;19:00:17:216;2023-02-10 19:00:17:216
20,9;0;19:01:17:184;2023-02-10 19:01:17:184
20,9;0;19:02:17:189;2023-02-10 19:02:17:189
20,9;0;19:03:17:197;2023-02-10 19:03:17:197
20,9;0;19:04:17:194;2023-02-10 19:04:17:194
20,9;0;19:05:17:198;2023-02-10 19:05:17:198
20,9;0;19:06:17:187;2023-02-10 19:06:17:187
20,9;0;19:07:17:187;2023-02-10 19:07:17:187
20,9;0;19:08:17:193;2023-02-10 19:08:17:193
20,9;0;19:09:17:183;2023-02-10 19:09:17:183
20,9;0;19:10:17:186;2023-02-10 19:10:17:186
20,8;0;19:11:17:189;2023-02-10 19:11:17:189
20,9;0;19:12:17:190;2023-02-10 19:12:17:190
20,9;0;19:13:17:185;2023-02-10 19:13:17:185
20,9;0;19:14:17:185;2023-02-10 19:14:17:185
20,9;0;19:15:17:180;2023-02-10 19:15:17:180
20,8;0;19:16:17:186;2023-02-10 19:16:17:186
20,8;0;19:17:17:182;2023-02-10 19:17:17:182
20,8;0;19:18:17:179;2023-02-10 19:18:17:179
20,8;0;19:19:17:180;2023-02-10 19:19:17:180
20,7;0;19:20:17:180;2023-02-10 19:20:17:180
20,7;0;19:21:17:176;2023-02-10 19:21:17:176
20,7;0;19:22:17:180;2023-02-10 19:22:17:180
20,7;0;19:23:17:177;2023-02-10 19:23:17:177
20,6;0;19:24:17:179;2023-02-10 19:24:17:179
20,6;0;19:25:17:175;2023-02-10 19:25:17:175
20,6;0;19:26:17:185;2023-02-10 19:26:17:185
20,5;1;19:27:17:180;2023-02-10 19:27:17:180
20,5;1;19:28:17:175;2023-02-10 19:28:17:175
20,5;1;19:29:17:173;2023-02-10 19:29:17:173
20,5;1;19:30:17:180;2023-02-10 19:30:17:180
20,4;1;19:31:17:161;2023-02-10 19:31:17:161
20,4;1;19:32:17:157;2023-02-10 19:32:17:157
20,4;1;19:33:17:158;2023-02-10 19:33:17:158
20,4;1;19:34:17:158;2023-02-10 19:34:17:158
20,5;1;19:35:17:155;2023-02-10 19:35:17:155
20,4;1;19:36:17:156;2023-02-10 19:36:17:156
20,5;1;19:37:17:156;2023-02-10 19:37:17:156
20,5;1;19:38:17:217;2023-02-10 19:38:17:217
20,5;1;19:39:17:155;2023-02-10 19:39:17:155
20,5;1;19:40:17:154;2023-02-10 19:40:17:154
20,6;0;19:41:17:163;2023-02-10 19:41:17:163
20,6;0;19:42:17:155;2023-02-10 19:42:17:155
20,6;0;19:43:17:153;2023-02-10 19:43:17:153
20,6;0;19:44:17:155;2023-02-10 19:44:17:155
20,7;0;19:45:17:150;2023-02-10 19:45:17:150
20,7;0;19:46:17:175;2023-02-10 19:46:17:175
20,7;0;19:47:17:153;2023-02-10 19:47:17:153
20,8;0;19:48:17:152;2023-02-10 19:48:17:152
20,8;0;19:49:17:157;2023-02-10 19:49:17:157
20,9;0;19:50:17:153;2023-02-10 19:50:17:153
20,9;0;19:51:17:153;2023-02-10 19:51:17:153
20,9;0;19:52:17:155;2023-02-10 19:52:17:155
20,9;0;19:53:17:149;2023-02-10 19:53:17:149
20,9;0;19:54:17:154;2023-02-10 19:54:17:154
20,9;0;19:55:17:189;2023-02-10 19:55:17:189
20,9;0;19:56:17:157;2023-02-10 19:56:17:157
20,9;0;19:57:17:256;2023-02-10 19:57:17:256
20,9;0;19:58:17:151;2023-02-10 19:58:17:151
21,0;0;19:59:17:151;2023-02-10 19:59:17:151
21,0;0;20:00:17:158;2023-02-10 20:00:17:158
21,0;0;20:01:17:148;2023-02-10 20:01:17:148
21,0;0;20:02:17:153;2023-02-10 20:02:17:153
21,0;0;20:03:17:149;2023-02-10 20:03:17:149
20,9;0;20:04:17:155;2023-02-10 20:04:17:155
20,9;0;20:05:17:152;2023-02-10 20:05:17:152
20,9;0;20:06:17:148;2023-02-10 20:06:17:148
20,9;0;20:07:17:133;2023-02-10 20:07:17:133
20,9;0;20:08:17:131;2023-02-10 20:08:17:131
20,9;0;20:09:17:127;2023-02-10 20:09:17:127
20,9;0;20:10:17:129;2023-02-10 20:10:17:129
20,8;0;20:11:17:138;2023-02-10 20:11:17:138
20,8;0;20:12:17:133;2023-02-10 20:12:17:133
20,8;0;20:13:17:130;2023-02-10 20:13:17:130
20,7;0;20:14:17:131;2023-02-10 20:14:17:131
20,7;0;20:15:17:133;2023-02-10 20:15:17:133
20,7;0;20:16:17:132;2023-02-10 20:16:17:132
20,7;0;20:17:17:129;2023-02-10 20:17:17:129
20,6;0;20:18:17:134;2023-02-10 20:18:17:134
20,6;0;20:19:17:131;2023-02-10 20:19:17:131
20,6;0;20:20:17:131;2023-02-10 20:20:17:131
20,5;1;20:21:17:134;2023-02-10 20:21:17:134
20,5;1;20:22:17:130;2023-02-10 20:22:17:130
20,5;1;20:23:17:130;2023-02-10 20:23:17:130
20,5;1;20:24:17:130;2023-02-10 20:24:17:130
20,5;1;20:25:17:133;2023-02-10 20:25:17:133
20,5;1;20:26:17:132;2023-02-10 20:26:17:132
20,4;1;20:27:17:132;2023-02-10 20:27:17:132
20,5;1;20:28:17:141;2023-02-10 20:28:17:141
20,4;1;20:29:17:128;2023-02-10 20:29:17:128
20,5;1;20:30:17:136;2023-02-10 20:30:17:136
20,5;1;20:31:17:128;2023-02-10 20:31:17:128
20,5;1;20:32:17:128;2023-02-10 20:32:17:128
20,5;1;20:33:17:127;2023-02-10 20:33:17:127
20,5;1;20:34:17:129;2023-02-10 20:34:17:129
20,6;0;20:35:17:129;2023-02-10 20:35:17:129
20,6;0;20:36:17:124;2023-02-10 20:36:17:124
20,6;0;20:37:17:125;2023-02-10 20:37:17:125
20,7;0;20:38:17:126;2023-02-10 20:38:17:126
20,7;0;20:39:17:125;2023-02-10 20:39:17:125
20,7;0;20:40:17:126;2023-02-10 20:40:17:126
20,7;0;20:41:17:125;2023-02-10 20:41:17:125
20,8;0;20:42:17:128;2023-02-10 20:42:17:128
20,8;0;20:43:17:123;2023-02-10 20:43:17:123
20,8;0;20:44:17:123;2023-02-10 20:44:17:123
20,9;0;20:45:17:123;2023-02-10 20:45:17:123
20,9;0;20:46:17:119;2023-02-10 20:46:17:119
20,9;0;20:47:17:120;2023-02-10 20:47:17:120
20,9;0;20:48:17:123;2023-02-10 20:48:17:123
20,9;0;20:49:17:100;2023-02-10 20:49:17:100
20,9;0;20:50:17:120;2023-02-10 20:50:17:120
20,9;0;20:51:17:120;2023-02-10 20:51:17:120
20,9;0;20:52:17:113;2023-02-10 20:52:17:113
21,0;0;20:53:17:118;2023-02-10 20:53:17:118
21,0;0;20:54:17:119;2023-02-10 20:54:17:119
21,0;0;20:55:17:118;2023-02-10 20:55:17:118
21,0;0;20:56:17:125;2023-02-10 20:56:17:125
20,9;0;20:57:17:122;2023-02-10 20:57:17:122
20,9;0;20:58:17:118;2023-02-10 20:58:17:118
20,9;0;20:59:17:128;2023-02-10 20:59:17:128
20,9;0;21:00:17:117;2023-02-10 21:00:17:117
20,9;0;21:01:17:115;2023-02-10 21:01:17:115
20,9;0;21:02:17:113;2023-02-10 21:02:17:113
20,8;0;21:03:17:115;2023-02-10 21:03:17:115
20,8;0;21:04:17:115;2023-02-10 21:04:17:115
20,8;0;21:05:17:116;2023-02-10 21:05:17:116
20,8;0;21:06:17:115;2023-02-10 21:06:17:115
20,7;0;21:07:17:108;2023-02-10 21:07:17:108
20,7;0;21:08:17:089;2023-02-10 21:08:17:089
20,7;0;21:09:17:095;2023-02-10 21:09:17:095
20,7;0;21:10:17:090;2023-02-10 21:10:17:090
20,6;0;21:11:17:093;2023-02-10 21:11:17:093
20,6;0;21:12:17:090;2023-02-10 21:12:17:090
20,6;0;21:13:17:090;2023-02-10 21:13:17:090
20,6;0;21:14:17:092;2023-02-10 21:14:17:092
20,6;0;21:15:17:086;2023-02-10 21:15:17:086
20,5;1;21:16:17:088;2023-02-10 21:16:17:088
20,5;1;21:17:17:116;2023-02-10 21:17:17:116
20,5;1;21:18:17:086;2023-02-10 21:18:17:086
20,4;1;21:19:17:091;2023-02-10 21:19:17:091
20,4;1;21:20:17:089;2023-02-10 21:20:17:089
20,4;1;21:21:17:079;2023-02-10 21:21:17:079
20,4;1;21:22:17:090;2023-02-10 21:22:17:090
20,4;1;21:23:17:090;2023-02-10 21:23:17:090
20,4;1;21:24:17:086;2023-02-10 21:24:17:086
20,4;1;21:25:17:082;2023-02-10 21:25:17:082
20,5;1;21:26:17:083;2023-02-10 21:26:17:083
20,4;1;21:27:17:089;2023-02-10 21:27:17:089
20,5;1;21:28:17:088;2023-02-10 21:28:17:088
20,5;1;21:29:17:083;2023-02-10 21:29:17:083
20,5;1;21:30:17:090;2023-02-10 21:30:17:090
20,6;0;21:31:17:086;2023-02-10 21:31:17:086
20,6;0;21:32:17:081;2023-02-10 21:32:17:081
20,6;0;21:33:17:081;2023-02-10 21:33:17:081
20,7;0;21:34:17:083;2023-02-10 21:34:17:083
20,7;0;21:35:17:082;2023-02-10 21:35:17:082
20,8;0;21:36:17:081;2023-02-10 21:36:17:081
20,8;0;21:37:17:079;2023-02-10 21:37:17:079
20,8;0;21:38:17:079;2023-02-10 21:38:17:079
20,9;0;21:39:17:074;2023-02-10 21:39:17:074
20,9;0;21:40:17:078;2023-02-10 21:40:17:078
20,9;0;21:41:17:077;2023-02-10 21:41:17:077
21,0;0;21:42:17:079;2023-02-10 21:42:17:079
21,0;0;21:43:17:077;2023-02-10 21:43:17:077
21,0;0;21:44:17:073;2023-02-10 21:44:17:073
21,0;0;21:45:17:076;2023-02-10 21:45:17:076
21,0;0;21:46:17:071;2023-02-10 21:46:17:071
21,0;0;21:47:17:079;2023-02-10 21:47:17:079
21,0;0;21:48:17:072;2023-02-10 21:48:17:072
21,1;0;21:49:17:074;2023-02-10 21:49:17:074
21,0;0;21:50:17:077;2023-02-10 21:50:17:077
21,0;0;21:51:17:070;2023-02-10 21:51:17:070
21,0;0;21:52:17:068;2023-02-10 21:52:17:068
21,0;0;21:53:17:072;2023-02-10 21:53:17:072
21,0;0;21:54:17:073;2023-02-10 21:54:17:073
21,0;0;21:55:17:073;2023-02-10 21:55:17:073
21,0;0;21:56:17:068;2023-02-10 21:56:17:068
20,9;0;21:57:17:074;2023-02-10 21:57:17:074
20,9;0;21:58:17:069;2023-02-10 21:58:17:069
20,9;0;21:59:17:070;2023-02-10 21:59:17:070
20,9;0;22:00:17:069;2023-02-10 22:00:17:069
20,8;0;22:01:17:084;2023-02-10 22:01:17:084
20,8;0;22:02:17:075;2023-02-10 22:02:17:075
20,8;0;22:03:17:074;2023-02-10 22:03:17:074
20,7;0;22:04:17:074;2023-02-10 22:04:17:074
20,7;0;22:05:17:073;2023-02-10 22:05:17:073
20,7;0;22:06:17:074;2023-02-10 22:06:17:074
20,7;0;22:07:17:071;2023-02-10 22:07:17:071
20,6;0;22:08:17:072;2023-02-10 22:08:17:072
20,6;0;22:09:17:069;2023-02-10 22:09:17:069
20,6;0;22:10:17:071;2023-02-10 22:10:17:071
20,5;1;22:11:17:073;2023-02-10 22:11:17:073
20,5;1;22:12:17:068;2023-02-10 22:12:17:068
20,5;1;22:13:17:068;2023-02-10 22:13:17:068
20,5;1;22:14:17:068;2023-02-10 22:14:17:068
20,5;1;22:15:17:069;2023-02-10 22:15:17:069
20,4;1;22:16:17:049;2023-02-10 22:16:17:049
20,4;1;22:17:17:048;2023-02-10 22:17:17:048
20,4;1;22:18:17:050;2023-02-10 22:18:17:050
20,4;1;22:19:17:049;2023-02-10 22:19:17:049
20,3;1;22:20:17:051;2023-02-10 22:20:17:051
20,3;1;22:21:17:048;2023-02-10 22:21:17:048
20,3;1;22:22:17:051;2023-02-10 22:22:17:051
20,3;1;22:23:17:047;2023-02-10 22:23:17:047
20,2;1;22:24:17:049;2023-02-10 22:24:17:049
20,2;1;22:25:17:048;2023-02-10 22:25:17:048
20,2;1;22:26:17:045;2023-02-10 22:26:17:045
20,2;1;22:27:17:047;2023-02-10 22:27:17:047
20,2;1;22:28:17:046;2023-02-10 22:28:17:046
20,1;1;22:29:17:046;2023-02-10 22:29:17:046
20,1;1;22:30:17:044;2023-02-10 22:30:17:044
20,1;1;22:31:17:043;2023-02-10 22:31:17:043
20,1;1;22:32:17:052;2023-02-10 22:32:17:052
20,1;1;22:33:17:045;2023-02-10 22:33:17:045
20,1;1;22:34:17:042;2023-02-10 22:34:17:042
20,0;1;22:35:17:043;2023-02-10 22:35:17:043
20,0;1;22:36:17:042;2023-02-10 22:36:17:042
20,0;1;22:37:17:039;2023-02-10 22:37:17:039
19,9;1;22:38:17:043;2023-02-10 22:38:17:043
20,0;1;22:39:17:022;2023-02-10 22:39:17:022
19,9;1;22:40:17:024;2023-02-10 22:40:17:024
19,9;1;22:41:17:022;2023-02-10 22:41:17:022
19,9;1;22:42:17:022;2023-02-10 22:42:17:022
19,9;1;22:43:17:022;2023-02-10 22:43:17:022
19,8;1;22:44:17:021;2023-02-10 22:44:17:021
19,8;1;22:45:17:020;2023-02-10 22:45:17:020
19,8;1;22:46:17:020;2023-02-10 22:46:17:020
19,8;1;22:47:17:014;2023-02-10 22:47:17:014
19,8;1;22:48:17:039;2023-02-10 22:48:17:039
19,8;1;22:49:17:017;2023-02-10 22:49:17:017
19,8;1;22:50:17:018;2023-02-10 22:50:17:018
19,7;1;22:51:17:018;2023-02-10 22:51:17:018
19,7;1;22:52:17:015;2023-02-10 22:52:17:015
19,7;1;22:53:17:016;2023-02-10 22:53:17:016
19,7;1;22:54:17:017;2023-02-10 22:54:17:017
19,7;1;22:55:17:015;2023-02-10 22:55:17:015
19,7;1;22:56:17:019;2023-02-10 22:56:17:019
19,6;1;22:57:17:017;2023-02-10 22:57:17:017
19,6;1;22:58:17:016;2023-02-10 22:58:17:016
19,6;1;22:59:17:016;2023-02-10 22:59:17:016
19,6;1;23:00:17:015;2023-02-10 23:00:17:015
19,6;1;23:01:17:010;2023-02-10 23:01:17:010
19,6;1;23:02:17:013;2023-02-10 23:02:17:013
19,5;1;23:03:17:023;2023-02-10 23:03:17:023
19,5;1;23:04:17:013;2023-02-10 23:04:17:013
19,5;1;23:05:17:008;2023-02-10 23:05:17:008
19,5;1;23:06:17:005;2023-02-10 23:06:17:005
19,5;1;23:07:17:004;2023-02-10 23:07:17:004
19,5;1;23:08:17:009;2023-02-10 23:08:17:009
19,5;1;23:09:17:002;2023-02-10 23:09:17:002
19,4;1;23:10:17:010;2023-02-10 23:10:17:010
19,4;1;23:11:17:003;2023-02-10 23:11:17:003
19,4;1;23:12:17:007;2023-02-10 23:12:17:007
19,4;1;23:13:17:003;2023-02-10 23:13:17:003
19,4;1;23:14:17:007;2023-02-10 23:14:17:007
19,4;1;23:15:17:005;2023-02-10 23:15:17:005
19,4;1;23:16:17:004;2023-02-10 23:16:17:004
19,3;1;23:17:17:009;2023-02-10 23:17:17:009
19,3;1;23:18:17:009;2023-02-10 23:18:17:009
19,3;1;23:19:17:000;2023-02-10 23:19:17:000
19,3;1;23:20:17:001;2023-02-10 23:20:17:001
19,3;1;23:21:17:008;2023-02-10 23:21:17:008
19,2;1;23:22:17:007;2023-02-10 23:22:17:007
19,2;1;23:23:17:000;2023-02-10 23:23:17:000
19,2;1;23:24:17:001;2023-02-10 23:24:17:001
19,2;1;23:25:17:004;2023-02-10 23:25:17:004
19,2;1;23:26:17:000;2023-02-10 23:26:17:000
19,2;1;23:27:16:996;2023-02-10 23:27:16:996
19,2;1;23:28:17:008;2023-02-10 23:28:17:008
19,2;1;23:29:16:999;2023-02-10 23:29:16:999
19,2;1;23:30:17:002;2023-02-10 23:30:17:002
19,1;1;23:31:16:985;2023-02-10 23:31:16:985
19,1;1;23:32:16:978;2023-02-10 23:32:16:978
19,1;1;23:33:16:975;2023-02-10 23:33:16:975
